"time","top","med","bottom","date"
0,0.000598312109420718,0.000306628252303841,1.49443951869648e-05,2021-04-23
0.5,0.000603268708684239,0.00030903109714204,1.47934855998411e-05,2021-04-23
1,0.0006080459537142,0.000311346841067336,1.4647728420472e-05,2021-04-24
1.5,0.000612640868429423,0.000313573930018406,1.45069916073895e-05,2021-04-24
2,0.000617050755921138,0.000315710952472517,1.43711490238949e-05,2021-04-25
2.5,0.000621273205066063,0.000317756642649687,1.42400802333118e-05,2021-04-25
3,0.000625306096540085,0.00031970988342299,1.41136703058951e-05,2021-04-26
3.5,0.000629147608216085,0.000321569708926502,1.39918096369199e-05,2021-04-26
4,0.000632796219931487,0.000323335306853496,1.38743937755061e-05,2021-04-27
4.5,0.000636987753426216,0.000325374538344991,1.37613232637664e-05,2021-04-27
5,0.000652991467700003,0.000333321985592948,1.36525034858926e-05,2021-04-28
5.5,0.000669067539336872,0.000341307691931849,1.35478445268265e-05,2021-04-28
6,0.000685203227791585,0.000349325244415886,1.34472610401869e-05,2021-04-29
6.5,0.000701385522421254,0.000357368097273202,1.33506721251486e-05,2021-04-29
7,0.000717601166464181,0.00036542958383809,1.32580012119992e-05,2021-04-30
7.5,0.000733836682161211,0.000373392840485477,1.29489988097443e-05,2021-04-30
8,0.000750078396955148,0.000380802555366435,1.1526713777721e-05,2021-05-01
8.5,0.000766312470697434,0.000388288829999502,1.02651893015698e-05,2021-05-01
9,0.000782524923785162,0.000395835345020804,9.14576625644676e-06,2021-05-02
9.5,0.00079870166614554,0.000403426836109043,8.15200607254553e-06,2021-05-02
10,0.000814828526979255,0.000411048973548283,7.26942011731038e-06,2021-05-03
10.5,0.000830891285168792,0.000418688258991581,6.4852328143688e-06,2021-05-03
11,0.000846875700252759,0.000426331937227045,5.78817420133039e-06,2021-05-04
11.5,0.000862767543862622,0.000433967921025068,5.16829818751541e-06,2021-05-04
12,0.000878552631514043,0.000441584727385762,4.6168232574802e-06,2021-05-05
12.5,0.000894216854641307,0.000449171423714105,4.12599278690384e-06,2021-05-05
13,0.000909746212760061,0.000456717582631343,3.68895250262605e-06,2021-05-06
13.5,0.000925126845640957,0.000464213244288393,3.29964293582996e-06,2021-05-06
14,0.000940345065374642,0.000471648885183812,2.95270499298082e-06,2021-05-07
14.5,0.00095538738820707,0.000479015392607893,2.64339700871659e-06,2021-05-07
15,0.000970240566023204,0.000486304043938223,2.36752185324141e-06,2021-05-08
15.5,0.000984891617356986,0.000493506490102516,2.12136284804613e-06,2021-05-08
16,0.000999327857805845,0.000500614742603703,1.90162740156157e-06,2021-05-09
16.5,0.00101353692972916,0.000507621163571449,1.70539741374171e-06,2021-05-09
17,0.00102750683111181,0.000514518458365039,1.53008561826443e-06,2021-05-10
17.5,0.00104122594347657,0.00052129967030596,1.3733971353508e-06,2021-05-10
18,0.00105468305873192,0.000527958177165539,1.23329559915542e-06,2021-05-11
18.5,0.00106786740484612,0.000534487689074568,1.10797330301622e-06,2021-05-11
19,0.0010807686702423,0.00054088224755869,9.95824875084179e-07,2021-05-12
19.5,0.00109337702681487,0.000547136225436081,8.95424057295918e-07,2021-05-12
20,0.00110568315147293,0.000553244327343186,8.05503213441656e-07,2021-05-13
20.5,0.0011176782461227,0.000559201590680454,7.24935238207861e-07,2021-05-13
21,0.00112935405600777,0.000565003386793582,6.52717579394621e-07,2021-05-14
21.5,0.00114070288633327,0.000570645422227018,5.87958120768911e-07,2021-05-14
22,0.00115171761710771,0.000576123739905786,5.29862703863947e-07,2021-05-15
22.5,0.00116239171614443,0.000581434720119234,4.77724094035194e-07,2021-05-15
23,0.00117271925017304,0.00058657508119638,4.30912219725254e-07,2021-05-16
23.5,0.0011826948940199,0.000591541879777248,3.88865534599275e-07,2021-05-16
24,0.00119231393782601,0.000596332510598187,3.51083370360775e-07,2021-05-17
24.5,0.0012015722922794,0.000600944705721683,3.17119163968182e-07,2021-05-17
25,0.00121046649184871,0.00060537653315282,2.86574456926639e-07,2021-05-18
25.5,0.0012189936960141,0.000609626394795334,2.59093576573134e-07,2021-05-18
26,0.00122715168850048,0.00061369302371025,2.34358920019929e-07,2021-05-19
26.5,0.00123493887452806,0.000617575480649458,2.12086770858288e-07,2021-05-19
27,0.00124235427610358,0.0006212731498453,1.92023587014683e-07,2021-05-20
27.5,0.0012493975253853,0.000624785734045368,1.73942705437147e-07,2021-05-20
28,0.00125606885616287,0.000628113248789281,1.5764141569475e-07,2021-05-21
28.5,0.00126236909350226,0.000631256015931234,1.42938360206632e-07,2021-05-21
29,0.0012682996416135,0.000634214656418638,1.29671223773807e-07,2021-05-22
29.5,0.00127386247000692,0.000636990082343185,1.17694679449889e-07,2021-05-22
30,0.00127906009801081,0.000639583488286219,1.06878561628739e-07,2021-05-23
30.5,0.00128389557773012,0.000641996341985367,9.71062406112586e-08,2021-05-23
31,0.00128837247553207,0.000644230374353982,8.82731758958821e-08,2021-05-24
31.5,0.0012924948521502,0.000646287568889133,8.0285628066462e-08,2021-05-24
32,0.00129626724150367,0.00064817015050757,7.30595114698881e-08,2021-05-25
32.5,0.00129969462833286,0.000649880573852392,6.65193719214427e-08,2021-05-25
33,0.00130278242475647,0.000651421511115975,6.05974754813234e-08,2021-05-26
33.5,0.00130553644585842,0.000652795839427181,5.523299593983e-08,2021-05-26
34,0.00130796288441566,0.000654006627852856,5.03712900566514e-08,2021-05-27
34.5,0.0013100682848797,0.000655057124065272,4.59632508437172e-08,2021-05-27
35,0.0013118595167265,0.000655950740728388,4.19647302806831e-08,2021-05-28
35.5,0.00131334374728949,0.000656691041656657,3.83360238244215e-08,2021-05-28
36,0.00131632756796252,0.000658181304686229,3.5041409933948e-08,2021-05-29
36.5,0.00133404203263715,0.000667037040687871,3.20487385932704e-08,2021-05-29
37,0.0013517388993434,0.000675884114203445,2.93290634883269e-08,2021-05-30
37.5,0.00136941753724158,0.000684722196777333,2.68563130907555e-08,2021-05-30
38,0.00138707748575374,0.000693551046375085,2.46069964296977e-08,2021-05-31
38.5,0.00140471844014924,0.000702370500044519,2.25599398011523e-08,2021-05-31
39,0.00142234023575006,0.000711180465900571,2.06960510795421e-08,2021-06-01
39.5,0.00143994283079257,0.000719980914450615,1.89981086643089e-08,2021-06-01
40,0.00145752628798936,0.000728771869280892,1.74505724209434e-08,2021-06-02
40.5,0.00147509075484295,0.00073755339712861,1.60394142656861e-08,2021-06-02
41,0.00149263644276996,0.000746325597368128,1.47519663004219e-08,2021-06-03
41.5,0.00151016360510243,0.00075508859094353,1.357678463278e-08,2021-06-03
42,0.00152767251404004,0.000763842508783629,1.2503527219426e-08,2021-06-04
42.5,0.00154516343663411,0.000772587479739182,1.15228442509122e-08,2021-06-04
43,0.00156263660989165,0.000781323618085706,1.06262797568042e-08,2021-06-05
43.5,0.00158121362726231,0.000790611716722781,9.80618325239892e-09,2021-06-05
44,0.00160062179011067,0.000800315422870522,9.05563037519976e-09,2021-06-06
44.5,0.00162025726334254,0.000810132815847054,8.36835157219975e-09,2021-06-06
45,0.0016401171648068,0.0008200624517374,7.73866799950934e-09,2021-06-07
45.5,0.00166019732409652,0.000830102242765204,7.16143388534884e-09,2021-06-07
46,0.0016804922337343,0.000840249432859493,6.63198468713493e-09,2021-06-08
46.5,0.00170099500449847,0.000850500575294458,6.14609044441924e-09,2021-06-08
47,0.0017216973252589,0.000860851512586347,5.69991379274971e-09,2021-06-09
47.5,0.00174258942768448,0.00087129735882832,5.28997215998106e-09,2021-06-09
48,0.00176366005617542,0.000881832484639568,4.91310371691634e-09,2021-06-10
48.5,0.00178489644336186,0.000892450504899281,4.56643669909328e-09,2021-06-10
49,0.00180628429149621,0.000903144269428982,4.24736175663244e-09,2021-06-11
49.5,0.00182780776004957,0.0009139058567783,3.95350702487129e-09,2021-06-11
50,0.00184944945980324,0.000924726571259438,3.68271564048829e-09,2021-06-12
50.5,0.00187119045370312,0.000935596943364287,3.43302545639352e-09,2021-06-12
51,0.00189301026472007,0.000946506733685401,3.2026507341981e-09,2021-06-13
51.5,0.00191488689093002,0.000957444940447817,2.98996561590336e-09,2021-06-13
52,0.00193679682799683,0.000968399810743015,2.79348919686671e-09,2021-06-14
52.5,0.00195871509920621,0.000979358855539124,2.61187204036457e-09,2021-06-14
53,0.00198061529316194,0.000990308868522964,2.44388399041642e-09,2021-06-15
53.5,0.0020024696092159,0.00100123594880953,2.28840315416331e-09,2021-06-15
54,0.00202424891066071,0.00101212552753332,2.14440593819451e-09,2021-06-16
54.5,0.0020459227856691,0.00102296239831357,2.01095803494961e-09,2021-06-16
55,0.00206745961591727,0.00103373075156177,1.88720626583666e-09,2021-06-17
55.5,0.00208882665278027,0.00104441421257574,1.77237119712994e-09,2021-06-17
56,0.00210999010093745,0.00105499588333895,1.66574045315921e-09,2021-06-18
56.5,0.00213091520917411,0.00106545838791839,1.56666265887838e-09,2021-06-18
57,0.00215156636811319,0.00107578392132757,1.47454195069917e-09,2021-06-19
57.5,0.00217190721455806,0.00108595430169553,1.38883300057436e-09,2021-06-19
58,0.00219190074207475,0.00109595102555563,1.30903650379081e-09,2021-06-20
58.5,0.0022115094173899,0.00110575532604249,1.23469508584911e-09,2021-06-20
59,0.00223069530212981,0.0011153482337597,1.16538958822241e-09,2021-06-21
59.5,0.00224942017937661,0.00112471064005615,1.10073569675541e-09,2021-06-21
60,0.00226764568447056,0.00113382336242572,1.04038088003007e-09,2021-06-22
60.5,0.00228533343944319,0.0011426672117224,9.84001608231081e-10,2021-06-22
61,0.00230244519042511,0.00115122306086297,9.3130082592734e-10,2021-06-23
61.5,0.00231894294733514,0.0011594719146704,8.82005654779306e-10,2021-06-23
62,0.0023347891251249,0.0011673949804951,8.35865304516293e-10,2021-06-24
62.5,0.0023499466858251,0.00117497373923714,7.92649172628528e-10,2021-06-24
63,0.00236437928061757,0.00118219001638134,7.52145115110497e-10,2021-06-25
63.5,0.00237805139114016,0.00118902605264902,7.14157872295831e-10,2021-06-25
64,0.00239092846922154,0.00119546457386459,6.78507635358948e-10,2021-06-26
64.5,0.00240297707423844,0.00120148885963359,6.45028740441968e-10,2021-06-26
65,0.00241416500729073,0.0012070828104296,6.13568478612466e-10,2021-06-27
65.5,0.00242446144139905,0.00121223101269253,5.83986010982109e-10,2021-06-27
66,0.00243383704694597,0.00121691880154868,5.56151379330553e-10,2021-06-28
66.5,0.00244226411160458,0.00122113232077459,5.29944603494153e-10,2021-06-28
67,0.00244971665402861,0.00122485857964173,5.05254857605056e-10,2021-06-29
67.5,0.00245617053061436,0.00122808550629704,4.81979718011994e-10,2021-06-29
68,0.00246160353468759,0.00123080199735603,4.60024476387524e-10,2021-06-30
68.5,0.00246599548751712,0.00123299796340932,4.39301512134873e-10,2021-06-30
69,0.00246932832061126,0.00123466437017049,4.1972971875725e-10,2021-07-01
69.5,0.00247158614881227,0.00123579327502313,4.01233979349412e-10,2021-07-01
70,0.00247275533376767,0.00123637785875618,3.83744686820527e-10,2021-07-02
70.5,0.00247282453742478,0.00123641245231104,3.67197304863727e-10,2021-07-02
71,0.0025023646213077,0.00125118248641983,3.51531966055321e-10,2021-07-03
71.5,0.00254789438597545,0.00127394736133428,3.36693103799349e-10,2021-07-03
72,0.00259321403634652,0.00129660717948782,3.22629115134242e-10,2021-07-04
72.5,0.00263825533927982,0.00131912782428594,3.09292051691073e-10,2021-07-04
73,0.00268294837500135,0.00134147433581935,2.96637336339825e-10,2021-07-05
73.5,0.00276620041615067,0.00138310035038708,2.84623503283912e-10,2021-07-05
74,0.00285180699149936,0.00142590363235566,2.73211959565948e-10,2021-07-06
74.5,0.00293890956782244,0.0014694549150946,2.62366766131631e-10,2021-07-06
75,0.00302742908863,0.00151371467034222,2.52054436765336e-10,2021-07-07
75.5,0.00311727741252672,0.00155863882738524,2.42243753362224e-10,2021-07-07
76,0.00320835706870009,0.00160417865080284,2.32905596138912e-10,2021-07-08
76.5,0.00330056105218125,0.00165028063809702,2.24012787509291e-10,2021-07-08
77,0.00339377266439344,0.00169688643996669,2.15539948465168e-10,2021-07-09
77.5,0.00348786540457579,0.00174393280601958,2.07463366404089e-10,2021-07-09
78,0.00358270291767205,0.00179135155871646,1.99760873440002e-10,2021-07-10
78.5,0.00367813900419465,0.00183906959830319,1.92411734317198e-10,2021-07-10
79,0.00377401769740692,0.00188700894140173,1.85396543125036e-10,2021-07-11
79.5,0.00387017341290109,0.00193508679579911,1.78697128081008e-10,2021-07-11
80,0.00396643117528034,0.0019832156737884,1.72296463713453e-10,2021-07-12
80.5,0.00406260692617422,0.0020313035461764,1.66178589833204e-10,2021-07-12
81,0.00415850791722383,0.00207925403877619,1.60328536736223e-10,2021-07-13
81.5,0.00425393319096468,0.00212696667284847,1.54732256127317e-10,2021-07-13
82,0.00434867415171163,0.0021743371505441,1.4937655729878e-10,2021-07-14
82.5,0.00444251522761502,0.00222125768593203,1.44249048137648e-10,2021-07-14
83,0.00453523462401579,0.00226761738167694,1.39338080571582e-10,2021-07-15
83.5,0.00462691740820376,0.00231345877141823,1.34632700096462e-10,2021-07-15
84,0.00473246957377723,0.00236623485194992,1.30122599058989e-10,2021-07-16
84.5,0.00483740879231823,0.00241870445905815,1.25798073395074e-10,2021-07-16
85,0.00494149719235669,0.00247074865700334,1.21649982549934e-10,2021-07-17
85.5,0.00504448898381916,0.00252224455074444,1.17669712328702e-10,2021-07-17
86,0.00514613135200928,0.00257306573292921,1.13849140447311e-10,2021-07-18
86.5,0.00524616545944038,0.00262308278481049,1.10180604572462e-10,2021-07-18
87,0.00534432755269594,0.00267216382967641,1.06656872656995e-10,2021-07-19
87.5,0.00544035016988514,0.00272017513657813,1.03271115392867e-10,2021-07-19
88,0.00553396344259133,0.0027669817713041,1.00016880618566e-10,2021-07-20
88.5,0.00562489648451166,0.00281244829069987,9.68880695310725e-11,2021-07-20
89,0.00571287885728698,0.00285643947558295,9.38789145646885e-11,2021-07-21
89.5,0.00579764210235996,0.00289882109667196,9.09839588102083e-11,2021-07-21
90,0.00587892132611287,0.00293946070715545,8.81980368580866e-11,2021-07-22
90.5,0.00595645682406401,0.00297822845479013,8.55162569586265e-11,2021-07-22
91,0.00602999572858348,0.00301499790575873,8.29339844007487e-11,2021-07-23
91.5,0.00609929366346219,0.00304964687195451,8.04468260187497e-11,2021-07-23
92,0.00616411638777005,0.00308205823291033,7.80506157436341e-11,2021-07-24
92.5,0.00622424141080277,0.00311212074327209,7.57414011221932e-11,2021-07-24
93,0.0062794595595689,0.00313972981654217,7.35154307330393e-11,2021-07-25
93.5,0.00632957648023361,0.00316478827580138,7.13691424343412e-11,2021-07-25
94,0.00637441405522661,0.00318720706226288,6.92991523830923e-11,2021-07-26
94.5,0.00641381171834764,0.00320690589282494,6.73022447704042e-11,2021-07-26
95,0.00644762765116198,0.00322381385826867,6.53753622216053e-11,2021-07-27
95.5,0.00647573984526185,0.00323786995438873,6.3515596813855e-11,2021-07-27
96,0.00649804701655748,0.00324902353913883,6.17201816676044e-11,2021-07-28
96.5,0.00651446935962849,0.00325723470980748,5.99864830715527e-11,2021-07-28
97,0.00656407014096786,0.00328203509886343,5.67590062588887e-11,2021-07-29
97.5,0.00671749674765689,0.00335874840064771,5.36385350868393e-11,2021-07-29
98,0.0068770266247493,0.00343851333771958,5.06898628130911e-11,2021-07-30
98.5,0.00716353909937776,0.00358176957364061,4.79034605493295e-11,2021-07-30
99,0.00745359480411865,0.00372679742469449,4.5270337244527e-11,2021-07-31
99.5,0.00774626625871113,0.00387313315074657,4.27820083228422e-11,2021-07-31
100,0.00804053048262186,0.00402026526152616,4.04304662474739e-11,2021-08-01
100.5,0.0083352708272899,0.00416763543274903,3.8208152883597e-11,2021-08-01
101,0.00862928047586216,0.00431464025598505,3.61079335425578e-11,2021-08-02
101.5,0.00892126774882294,0.00446063389147301,3.41230725978625e-11,2021-08-02
102,0.00920986332359219,0.0046049316779197,3.22472105712081e-11,2021-08-03
102.5,0.00949362943729879,0.00474681473388657,3.04743425939339e-11,2021-08-03
103,0.009771071094767,0.0048855355617829,2.87987981558601e-11,2021-08-04
103.5,0.0100406492490126,0.00502032463811389,2.72152220595748e-11,2021-08-04
104,0.0103007958604864,0.0051503979431025,2.57185565038639e-11,2021-08-05
104.5,0.0105499306757406,0.0052749653500223,2.43040242251983e-11,2021-08-05
105,0.0107864794984654,0.00539323976071625,2.29671126310203e-11,2021-08-06
105.5,0.011008893658781,0.00550444684024229,2.17035588630481e-11,2021-08-06
106,0.011215670323429,0.00560783517196915,2.05093357329622e-11,2021-08-07
106.5,0.0114053732334909,0.00570268662643576,1.9380638476683e-11,2021-08-07
107,0.0115766534108459,0.0057883267145799,1.8313872277017e-11,2021-08-08
107.5,0.0117282693429368,0.00586413468012122,1.73056405077575e-11,2021-08-08
108,0.0118591061402575,0.00592955307830511,1.63527336554003e-11,2021-08-09
108.5,0.011968193164327,0.00598409658988958,1.54521188774906e-11,2021-08-09
109,0.0120547196468965,0.00602735983074872,1.46009301592689e-11,2021-08-10
109.5,0.012118047863836,0.00605902393881625,1.37964590327536e-11,2021-08-10
110,0.012157723488521,0.0060788617507786,1.30361458246915e-11,2021-08-11
110.5,0.0121734828274132,0.00608674141986537,1.23175714019442e-11,2021-08-11
111,0.0121652567317134,0.0060826283716759,1.16384493848668e-11,2021-08-12
111.5,0.0121458655841893,0.00607293279759294,1.09966188010892e-11,2021-08-12
112,0.0124423226071305,0.00622116130876028,1.0390037153836e-11,2021-08-13
112.5,0.0127217336580694,0.00636086683394309,9.81677388053217e-12,2021-08-13
113,0.0129820608169189,0.00649103041309698,9.27500417894163e-12,2021-08-14
113.5,0.0132213478203761,0.00661067391456955,8.76300317949022e-12,2021-08-14
114,0.0134377506893836,0.00671887534883138,8.27914044373073e-12,2021-08-15
114.5,0.0136295678020636,0.00681478390494275,7.82187477013124e-12,2021-08-15
115,0.0137952685910576,0.00689763429922369,7.38974928950986e-12,2021-08-16
115.5,0.0139335200411461,0.00696676002406376,6.98138683350678e-12,2021-08-16
116,0.0140432101951778,0.00702160510088664,6.5954855604832e-12,2021-08-17
116.5,0.0141234679443218,0.00706173397527629,6.230814824171e-12,2021-08-17
117,0.0141736784808265,0.00708683924335638,5.88621127127163e-12,2021-08-18
117.5,0.0141934939239161,0.00709674696473833,5.56057515502174e-12,2021-08-18
118,0.0141828387861747,0.00709141939571377,5.25286685250986e-12,2021-08-19
118.5,0.0141419101210331,0.0070709550629976,4.96210357424767e-12,2021-08-19
119,0.014071172372841,0.00703558618876418,4.68735625517318e-12,2021-08-20
119.5,0.0144417169283003,0.00722085846636403,4.42774661689491e-12,2021-08-20
120,0.014857024754886,0.0074285123795342,4.1824443915795e-12,2021-08-21
120.5,0.015246033181269,0.00762301659260982,3.95066469844107e-12,2021-08-21
121,0.015605041642686,0.00780252082320881,3.73166556431337e-12,2021-08-22
121.5,0.0159305162326575,0.00796525811809112,3.52474558027596e-12,2021-08-22
122,0.0162191623937197,0.00810958119852445,3.32924168676677e-12,2021-08-23
122.5,0.0164679958933333,0.00823399794823891,3.14452708004591e-12,2021-08-23
123,0.0166744095190469,0.00833720476100843,2.97000923328314e-12,2021-08-24
123.5,0.0168362329436285,0.00841811647321684,2.80512802592345e-12,2021-08-24
124,0.0169517833730161,0.00847589168783275,2.64935397534577e-12,2021-08-25
124.5,0.0170199048967524,0.00850995244962727,2.50218656516772e-12,2021-08-25
125,0.0170399948990717,0.00851999745071744,2.36315266486847e-12,2021-08-26
125.5,0.0170120164342124,0.00850600821822209,2.23180503570134e-12,2021-08-26
126,0.0169364960871288,0.00846824804461826,2.10772091815035e-12,2021-08-27
126.5,0.0168145074889839,0.00840725374548719,1.99050069645048e-12,2021-08-27
127,0.0166476412910809,0.00832382064648033,1.87976663594231e-12,2021-08-28
127.5,0.0164379629781515,0.00821898148996331,1.77516168926739e-12,2021-08-28
128,0.0161879603846149,0.00809398019314562,1.67634836763294e-12,2021-08-29
128.5,0.0159004831370549,0.00795024156931895,1.58300767358451e-12,2021-08-29
129,0.0155786764655314,0.00778933823351312,1.49483809192242e-12,2021-08-30
129.5,0.015225911900507,0.00761295595095926,1.4115546355842e-12,2021-08-30
130,0.0149233981632155,0.00746169908227422,1.33288794349116e-12,2021-08-31
130.5,0.0153471904445613,0.00767359522290995,1.25858342752277e-12,2021-08-31
131,0.0157459339384539,0.00787296696982115,1.18840046593886e-12,2021-09-01
131.5,0.0161161022157702,0.00805805110844615,1.12211164071742e-12,2021-09-01
132,0.0164543120703394,0.00822715603569944,1.05950201641482e-12,2021-09-02
132.5,0.0167573885153667,0.00837869425818352,1.00036845828671e-12,2021-09-02
133,0.0170224286246905,0.00851121431281749,9.44518987532059e-13,2021-09-03
133.5,0.017246862061271,0.00862343103108139,8.91772171639814e-13,2021-09-03
134,0.0174285061295488,0.00871425306519536,8.41956547928213e-13,2021-09-04
134.5,0.0175656132978623,0.0087828066493286,7.94910078471396e-13,2021-09-04
135,0.0176569093630989,0.00882845468192468,7.50479634706445e-13,2021-09-05
135.5,0.0177016207641184,0.00885081038241348,7.08520510107267e-13,2021-09-05
136,0.0176994899761455,0.00884974498840718,6.68895959399694e-13,2021-09-06
136.5,0.0176507784101981,0.00882538920541481,6.31476762875386e-13,2021-09-06
137,0.0175562567687191,0.00877812838465764,5.9614081444065e-13,2021-09-07
137.5,0.0174171833367053,0.00870859166863403,5.62772732110599e-13,2021-09-07
138,0.0172352711825722,0.00861763559155175,5.31263489729171e-13,2021-09-08
138.5,0.0170126456736222,0.00850632283706185,5.01510068761911e-13,2021-09-08
139,0.0167517940520729,0.00837589702627318,4.73415129071053e-13,2021-09-09
139.5,0.0164555090518642,0.00822775452615554,4.46886697641711e-13,2021-09-09
140,0.0161268286556621,0.00806341432804199,4.21837874283975e-13,2021-09-10
140.5,0.0157689740965888,0.00788448704849349,3.98186553388671e-13,2021-09-10
141,0.0153852881095049,0.00769264405494037,3.75855160864589e-13,2021-09-11
141.5,0.0149791752481992,0.007489587624277,3.54770405432305e-13,2021-09-11
142,0.0145540458282388,0.00727702291428684,3.34863043494486e-13,2021-09-12
142.5,0.0141132647534931,0.0070566323769046,3.16067656844857e-13,2021-09-12
143,0.0136601061605603,0.00683005308042933,2.98322442518032e-13,2021-09-13
143.5,0.01319771449081,0.00659885724554577,2.81569014120235e-13,2021-09-13
144,0.012729072292633,0.0063645361464494,2.65752214016728e-13,2021-09-14
144.5,0.0122569747807926,0.00612848739052169,2.50819935785583e-13,2021-09-14
145,0.011784010945098,0.00589200547266735,2.3672295637945e-13,2021-09-15
145.5,0.0113125508122663,0.00565627540624484,2.23414777467215e-13,2021-09-15
146,0.0108447383241957,0.00542236916220326,2.10851475456097e-13,2021-09-16
146.5,0.0103824892012123,0.00519124460070564,1.98991559721774e-13,2021-09-16
147,0.00992749310602355,0.00496374655310567,1.87795838599754e-13,2021-09-17
147.5,0.00948121940743586,0.00474060970380654,1.77227292715411e-13,2021-09-17
148,0.00904492585584663,0.00452246292800694,1.67250955253034e-13,2021-09-18
148.5,0.00861966951838418,0.00430983475927101,1.57833798785876e-13,2021-09-18
149,0.00820631937390241,0.00410315968702568,1.48944628309722e-13,2021-09-19
149.5,0.00800113036962946,0.00400056518488501,1.40553980141843e-13,2021-09-19
150,0.00785996756612956,0.0039299837831311,1.32634026365574e-13,2021-09-20
150.5,0.00771316039447738,0.00385658019730127,1.25158484518075e-13,2021-09-20
151,0.0075613020284181,0.0037806510142681,1.18102532235269e-13,2021-09-21
151.5,0.0074049833979248,0.00370249169901812,1.11442726583436e-13,2021-09-21
152,0.00724478911154875,0.00362239455582695,1.05156927821668e-13,2021-09-22
152.5,0.00708129370673123,0.00354064685341523,9.92242273532294e-14,2021-09-22
153,0.00697715924109543,0.00348857962059453,9.36248796370495e-14,2021-09-23
153.5,0.0070779589595658,0.00353897947982707,8.8340237842968e-14,2021-09-23
154,0.00717380693385384,0.0035869034669686,8.33526930461228e-14,2021-09-24
154.5,0.00726437985589839,0.00363218992798852,7.86456167669874e-14,2021-09-24
155,0.00734936718459667,0.00367468359233544,7.42033066740788e-14,2021-09-25
155.5,0.00742847338362936,0.00371423669184968,7.00109352763099e-14,2021-09-25
156,0.00750142010025095,0.0037507100501585,6.60545014413645e-14,2021-09-26
156.5,0.00756794825787132,0.00378397412896682,6.23207845853826e-14,2021-09-26
157,0.00762782003555938,0.00381391001780909,5.87973013876536e-14,2021-09-27
157.5,0.00768082070842419,0.00384041035423983,5.54722648919864e-14,2021-09-27
158,0.00772676032417218,0.00386338016211226,5.23345458639543e-14,2021-09-28
158.5,0.0077654751929907,0.00388273759652004,4.93736362803363e-14,2021-09-28
159,0.00779682917023871,0.00389841458514265,4.65796148338193e-14,2021-09-29
159.5,0.00782071471419434,0.00391035735711914,4.39431143423945e-14,2021-09-29
160,0.00783705370426101,0.00391852685215123,4.14552909589138e-14,2021-09-30
160.5,0.00784579800850153,0.00392289900427032,3.91077950819701e-14,2021-09-30
161,0.00784692979307644,0.00392346489655667,3.68927438746609e-14,2021-10-01
161.5,0.00784046157002488,0.00392023078502984,3.48026953028935e-14,2021-10-01
162,0.00782643598375366,0.00391321799189324,3.28306236097116e-14,2021-10-02
162.5,0.00780492534050295,0.00390246267026696,3.09698961466879e-14,2021-10-02
163,0.00777603088884466,0.00388801544443694,2.921425148774e-14,2021-10-03
163.5,0.00773988186285722,0.00386994093144239,2.75577787548057e-14,2021-10-03
164,0.00769663430292889,0.00384831715147744,2.59948980886735e-14,2021-10-04
164.5,0.00764646967210192,0.00382323483606322,2.45203422019119e-14,2021-10-04
165,0.00758959328842341,0.00379479664422327,2.3129138954292e-14,2021-10-05
165.5,0.00752623259587052,0.00376311629794617,2.18165948943602e-14,2021-10-05
166,0.00745663529803629,0.00372831764902844,2.05782797139026e-14,2021-10-06
166.5,0.00738106737988089,0.00369053368995015,1.94100115649612e-14,2021-10-06
167,0.00729981104346791,0.00364990552174311,1.83078431918204e-14,2021-10-07
167.5,0.00721316258372802,0.00360658129187265,1.72680488329891e-14,2021-10-07
168,0.00712143022994491,0.0035607151149806,1.62871118506733e-14,2021-10-08
168.5,0.00702493197787571,0.00351246598894554,1.53617130475623e-14,2021-10-08
169,0.0069239934362427,0.00346199671812859,1.44887196329602e-14,2021-10-09
169.5,0.00681894570981536,0.00340947285491451,1.36651748023754e-14,2021-10-09
170,0.00671012333949813,0.00335506166975551,1.28882878966559e-14,2021-10-10
170.5,0.00659786231780667,0.00329893115890941,1.21554251086169e-14,2021-10-10
171,0.00648249819591488,0.00324124909796317,1.14641007068733e-14,2021-10-11
171.5,0.00636436429614456,0.00318218214807769,1.08119687482529e-14,2021-10-11
172,0.0062437900414058,0.003121895020708,1.01968152517394e-14,2021-10-12
172.5,0.0061210994107312,0.00306054970537041,9.61655080838698e-15,2021-10-12
173,0.00599660952772907,0.00299830476386907,9.0692036030509e-15,2021-10-13
173.5,0.00587062938655031,0.00293531469327943,8.55291282511055e-15,2021-10-13
174,0.0057793885037469,0.00288969425187748,8.06592244661976e-15,2021-10-14
174.5,0.00586990484561734,0.00293495242281247,7.60657534750571e-15,2021-10-14
175,0.00595678135791893,0.00297839067896305,7.17330776856264e-15,2021-10-15
175.5,0.00603973992996523,0.003019869964986,6.7646440740479e-15,2021-10-15
176,0.00611850948288667,0.00305925474144653,6.37919180669185e-15,2021-10-16
176.5,0.00619282777944328,0.00309641388972465,6.01563701888151e-15,2021-10-16
177,0.00626244322650553,0.0031312216132556,5.67273986467507e-15,2021-10-17
177.5,0.00632711664986139,0.00316355832493337,5.34933043815121e-15,2021-10-17
178,0.0063866230205282,0.00319331151026662,5.04430484439859e-15,2021-10-18
178.5,0.00644075311162468,0.00322037655581472,4.75662149020779e-15,2021-10-18
179,0.0064893150651105,0.00324465753255749,4.4852975822432e-15,2021-10-19
179.5,0.00653213584833982,0.00326606792417203,4.22940582114858e-15,2021-10-19
180,0.00656906258140147,0.00328453129070273,3.98807128067905e-15,2021-10-20
180.5,0.00659996371762328,0.00329998185881352,3.76046846155579e-15,2021-10-20
181,0.0066247300613815,0.00331236503069253,3.54581851031053e-15,2021-10-21
181.5,0.00664327560944728,0.00332163780472531,3.34338659392608e-15,2021-10-21
182,0.00665553820448203,0.00332776910224259,3.15247942158835e-15,2021-10-22
182.5,0.00666147999191313,0.00333073999595805,2.9724429053472e-15,2021-10-22
183,0.00666108767422471,0.00333054383711376,2.80265995193792e-15,2021-10-23
183.5,0.00665437255962457,0.00332718627981361,2.64254837844524e-15,2021-10-23
184,0.00664137040503234,0.00332068520251741,2.49155894489776e-15,2021-10-24
184.5,0.00662214105630875,0.00331107052815555,2.34917349726447e-15,2021-10-24
185,0.00659676789154622,0.00329838394577422,2.21490321468759e-15,2021-10-25
185.5,0.00656535707600184,0.00328267853800197,2.08828695512829e-15,2021-10-25
186,0.00652803663981831,0.00326401831991014,1.96888969392589e-15,2021-10-26
186.5,0.00648495539199164,0.00324247769599675,1.85630105007632e-15,2021-10-26
187,0.00643628168606379,0.00321814084303277,1.75013389532493e-15,2021-10-27
187.5,0.00638220205470622,0.00319110102735394,1.65002304144141e-15,2021-10-27
188,0.00632291973169271,0.00316145986584713,1.55562400130219e-15,2021-10-28
188.5,0.00625865308071872,0.0031293265403601,1.46661181964963e-15,2021-10-28
189,0.00618963395110758,0.00309481697555448,1.38267996962687e-15,2021-10-29
189.5,0.00611610598065211,0.00305805299032671,1.3035393114048e-15,2021-10-29
190,0.00603832286569134,0.00301916143284628,1.22891710942286e-15,2021-10-30
190.5,0.00595654661803497,0.00297827330901807,1.15855610495907e-15,2021-10-30
191,0.00587104582755448,0.00293552291377779,1.09221364092803e-15,2021-10-31
191.5,0.00578209394819354,0.00289104697409728,1.02966083597854e-15,2021-10-31
